{"cameraMode":{"drawMode":0,"name":"Shaded","section":"Shading Mode"},"sceneLighting":false,"audioPlay":false,"sceneViewState":{"showFog":true,"showMaterialUpdate":false,"showSkybox":false,"showFlares":true,"showImageEffects":true,"showParticleSystems":true,"showVisualEffectGraphs":true,"m_FxEnabled":true},"in2DMode":false,"pivot":{"x":0.343500018119812,"y":0.027975082397460939,"z":-0.0005000010132789612},"rotation":{"x":-0.03125639259815216,"y":-0.0043760328553617,"z":0.00003294664929853752,"w":0.9995098114013672},"size":6.246432304382324,"orthographic":false}