{"cameraMode":{"drawMode":0,"name":"Shaded","section":"Shading Mode"},"sceneLighting":false,"audioPlay":false,"sceneViewState":{"showFog":true,"showMaterialUpdate":false,"showSkybox":false,"showFlares":true,"showImageEffects":true,"showParticleSystems":true,"showVisualEffectGraphs":true,"m_FxEnabled":true},"in2DMode":false,"pivot":{"x":0.343500018119812,"y":0.027975082397460939,"z":-0.0005000010132789612},"rotation":{"x":0.017760446295142175,"y":0.001968071796000004,"z":-0.00013189823948778212,"w":-0.9998515248298645},"size":6.2501397132873539,"orthographic":false}