{"cameraMode":{"drawMode":0,"name":"Shaded","section":"Shading Mode"},"sceneLighting":false,"audioPlay":false,"sceneViewState":{"showFog":true,"showMaterialUpdate":false,"showSkybox":false,"showFlares":true,"showImageEffects":true,"showParticleSystems":true,"showVisualEffectGraphs":true,"m_FxEnabled":true},"in2DMode":false,"pivot":{"x":0.061462726444005969,"y":0.8721538186073303,"z":14.686843872070313},"rotation":{"x":-0.0002635507844388485,"y":0.9997255802154541,"z":-0.013793601654469967,"w":-0.019137809053063394},"size":0.00002463150303810835,"orthographic":false}