{"cameraMode":{"drawMode":0,"name":"Shaded","section":"Shading Mode"},"sceneLighting":false,"audioPlay":false,"sceneViewState":{"showFog":true,"showMaterialUpdate":false,"showSkybox":false,"showFlares":true,"showImageEffects":true,"showParticleSystems":true,"showVisualEffectGraphs":true,"m_FxEnabled":true},"in2DMode":false,"pivot":{"x":0.900048553943634,"y":-4.049684047698975,"z":-13.96076774597168},"rotation":{"x":-0.34214890003204348,"y":-0.0018584616482257844,"z":-0.0006445955368690193,"w":0.9396452903747559},"size":4.535293102264404,"orthographic":false}